Karte,Gruppe,Instrument,Kürzel,Variante,Gerät,Datei,Quelle,Status,Notiz,Pfad
00 Japan Operator-Set (Bestand),Holz,Hyoshigi,,,Operator,Hyoshigi.adv,japanische_instrumente_operator.md,vorhanden,Dateien nicht von mir gesehen,
00 Japan Operator-Set (Bestand),Holz,Mokugyo,,,Operator,Mokugyo.adv,japanische_instrumente_operator.md,vorhanden,Dateien nicht von mir gesehen,
00 Japan Operator-Set (Bestand),Holz,Yotsudake,,,Operator,Yotsudake.adv,japanische_instrumente_operator.md,vorhanden,Dateien nicht von mir gesehen,
00 Japan Operator-Set (Bestand),Metall,Atarigane,,v3.2,Operator,Atarigane.adv,japanische_instrumente_operator.md,vorhanden,"Dateien nicht von mir gesehen, Version v3.2",
00 Japan Operator-Set (Bestand),Metall,Atarigane Jūni-ritsu,,C shinsen,Operator,01 C shinsen.adv,japanische_instrumente_operator.md,vorhanden,fester Ton und Cent-Versatz eingebaut,
00 Japan Operator-Set (Bestand),Metall,Atarigane Jūni-ritsu,,Cs kamimu,Operator,02 Cs kamimu.adv,japanische_instrumente_operator.md,vorhanden,fester Ton und Cent-Versatz eingebaut,
00 Japan Operator-Set (Bestand),Metall,Atarigane Jūni-ritsu,,D ichikotsu,Operator,03 D ichikotsu.adv,japanische_instrumente_operator.md,vorhanden,fester Ton und Cent-Versatz eingebaut,
00 Japan Operator-Set (Bestand),Metall,Atarigane Jūni-ritsu,,Ds tangin,Operator,04 Ds tangin.adv,japanische_instrumente_operator.md,vorhanden,fester Ton und Cent-Versatz eingebaut,
00 Japan Operator-Set (Bestand),Metall,Atarigane Jūni-ritsu,,E hyojo,Operator,05 E hyojo.adv,japanische_instrumente_operator.md,vorhanden,fester Ton und Cent-Versatz eingebaut,
00 Japan Operator-Set (Bestand),Metall,Atarigane Jūni-ritsu,,F shosetsu,Operator,06 F shosetsu.adv,japanische_instrumente_operator.md,vorhanden,fester Ton und Cent-Versatz eingebaut,
00 Japan Operator-Set (Bestand),Metall,Atarigane Jūni-ritsu,,Fs shimomu,Operator,07 Fs shimomu.adv,japanische_instrumente_operator.md,vorhanden,fester Ton und Cent-Versatz eingebaut,
00 Japan Operator-Set (Bestand),Metall,Atarigane Jūni-ritsu,,G sojo,Operator,08 G sojo.adv,japanische_instrumente_operator.md,vorhanden,fester Ton und Cent-Versatz eingebaut,
00 Japan Operator-Set (Bestand),Metall,Atarigane Jūni-ritsu,,Gs fusho,Operator,09 Gs fusho.adv,japanische_instrumente_operator.md,vorhanden,fester Ton und Cent-Versatz eingebaut,
00 Japan Operator-Set (Bestand),Metall,Atarigane Jūni-ritsu,,A oshiki,Operator,10 A oshiki.adv,japanische_instrumente_operator.md,vorhanden,fester Ton und Cent-Versatz eingebaut,
00 Japan Operator-Set (Bestand),Metall,Atarigane Jūni-ritsu,,As rankei,Operator,11 As rankei.adv,japanische_instrumente_operator.md,vorhanden,fester Ton und Cent-Versatz eingebaut,
00 Japan Operator-Set (Bestand),Metall,Atarigane Jūni-ritsu,,B banshiki,Operator,12 B banshiki.adv,japanische_instrumente_operator.md,vorhanden,fester Ton und Cent-Versatz eingebaut,
00 Japan Operator-Set (Bestand),Metall,Bonsho,,v3.2,Operator,Bonsho.adv,japanische_instrumente_operator.md,vorhanden,"Dateien nicht von mir gesehen, Version v3.2",
00 Japan Operator-Set (Bestand),Metall,Chappa,,v3.2,Operator,Chappa.adv,japanische_instrumente_operator.md,vorhanden,"Dateien nicht von mir gesehen, Version v3.2",
00 Japan Operator-Set (Bestand),Metall,Kagura-Suzu,,v3,Operator,Kagura-Suzu.adv,japanische_instrumente_operator.md,vorhanden,"Dateien nicht von mir gesehen, Version v3",
00 Japan Operator-Set (Bestand),Metall,Rin,,v3.2,Operator,Rin.adv,japanische_instrumente_operator.md,vorhanden,"Dateien nicht von mir gesehen, Version v3.2",
00 Japan Operator-Set (Bestand),Metall,Shoko,,v3.2,Operator,Shoko.adv,japanische_instrumente_operator.md,vorhanden,"Dateien nicht von mir gesehen, Version v3.2",
00 Japan Operator-Set (Bestand),Tonleiter,D Hirajoshi,,,Scale (MIDI-Effekt),D Hirajoshi.adv,japanische_instrumente_operator.md,vorhanden,Töne ab D: D E F A A#,
00 Japan Operator-Set (Bestand),Tonleiter,D In-Sen,,,Scale (MIDI-Effekt),D In-Sen.adv,japanische_instrumente_operator.md,vorhanden,Töne ab D: D D# G A C,
00 Japan Operator-Set (Bestand),Tonleiter,D Iwato,,,Scale (MIDI-Effekt),D Iwato.adv,japanische_instrumente_operator.md,vorhanden,Töne ab D: D D# G G# C,
00 Japan Operator-Set (Bestand),Tonleiter,D Kumoi,,,Scale (MIDI-Effekt),D Kumoi.adv,japanische_instrumente_operator.md,vorhanden,Töne ab D: D E F A B,
00 Japan Operator-Set (Bestand),Tonleiter,D Miyako-bushi,,,Scale (MIDI-Effekt),D Miyako-bushi.adv,japanische_instrumente_operator.md,vorhanden,Töne ab D: D D# G A A#,
00 Japan Operator-Set (Bestand),Tonleiter,D Yo,,,Scale (MIDI-Effekt),D Yo.adv,japanische_instrumente_operator.md,vorhanden,Töne ab D: D E G A B,
00 Japan Operator-Set (Bestand),Trommeln,Kakko,,,Operator,Kakko.adv,japanische_instrumente_operator.md,vorhanden,Dateien nicht von mir gesehen,
00 Japan Operator-Set (Bestand),Trommeln,Ko-Tsuzumi,,,Operator,Ko-Tsuzumi.adv,japanische_instrumente_operator.md,vorhanden,Dateien nicht von mir gesehen,
00 Japan Operator-Set (Bestand),Trommeln,O-Daiko,,,Operator,O-Daiko.adv,japanische_instrumente_operator.md,vorhanden,Dateien nicht von mir gesehen,
00 Japan Operator-Set (Bestand),Trommeln,O-Tsuzumi,,,Operator,O-Tsuzumi.adv,japanische_instrumente_operator.md,vorhanden,Dateien nicht von mir gesehen,
00 Japan Operator-Set (Bestand),Trommeln,Okedo-Daiko,,,Operator,Okedo-Daiko.adv,japanische_instrumente_operator.md,vorhanden,Dateien nicht von mir gesehen,
00 Japan Operator-Set (Bestand),Trommeln,Shime-Daiko,,,Operator,Shime-Daiko.adv,japanische_instrumente_operator.md,vorhanden,Dateien nicht von mir gesehen,
00 Japan Operator-Set (Bestand),Trommeln,Taiko Ka,,,Operator,Taiko_Ka.adv,japanische_instrumente_operator.md,vorhanden,Dateien nicht von mir gesehen,
01 Drums + Tsuzumi,Bank,Bank (32 Voices),,,M-VAVE FM-1,MMM-Sounds-01-bank.syx,cards.js (Karte 01),berechnet,"DX7-32-Voice-SysEx, 4104 Byte",_Sound Collection Asia/MMM-Japan/Patches/FM-1/MMM-Sounds-01-bank.syx
01 Drums + Tsuzumi,Becken,Cymbal (DS-HH-Näherung),,CymbalLike,Drum Synth,MMM_DS_HH_CymbalLike.adv,cards.js (Karte 01),berechnet,"DS HH ist eine Hi-Hat, Näherung",_Sound Collection Drums/Patches/Ableton/MMM_DS_HH_CymbalLike.adv
01 Drums + Tsuzumi,Becken,Cymbal (Platte),,Plate,Collision,MMM_Collision_Cymbal_Plate.adv,cards.js (Karte 01),berechnet,,_Sound Collection Asia/MMM-Japan/Patches/Ableton/MMM_Collision_Cymbal_Plate.adv
01 Drums + Tsuzumi,Clap,Clap,,Loose,Drum Synth,MMM_DS_Clap_Loose.adv,cards.js (Karte 01),berechnet,"Parameter-Mapping DS unbekannt, Startwerte",_Sound Collection Asia/MMM-Japan/Patches/Ableton/MMM_DS_Clap_Loose.adv
01 Drums + Tsuzumi,Clap,Clap,,Modern,Drum Synth,MMM_DS_Clap_Modern.adv,cards.js (Karte 01),berechnet,"Parameter-Mapping DS unbekannt, Startwerte",_Sound Collection Asia/MMM-Japan/Patches/Ableton/MMM_DS_Clap_Modern.adv
01 Drums + Tsuzumi,Hi-Hat,Hi-Hat,,Closed,Drum Synth,MMM_DS_HH_Closed.adv,cards.js (Karte 01),berechnet,"Parameter-Mapping DS unbekannt, Startwerte; doppelt abgelegt",_Sound Collection Asia/MMM-Japan/Patches/Ableton/MMM_DS_HH_Closed.adv | _Sound Collection Drums/Patches/Ableton/MMM_DS_HH_Closed.adv
01 Drums + Tsuzumi,Hi-Hat,Hi-Hat,,Open,Drum Synth,MMM_DS_HH_Open.adv,cards.js (Karte 01),berechnet,"Parameter-Mapping DS unbekannt, Startwerte; doppelt abgelegt",_Sound Collection Asia/MMM-Japan/Patches/Ableton/MMM_DS_HH_Open.adv | _Sound Collection Drums/Patches/Ableton/MMM_DS_HH_Open.adv
01 Drums + Tsuzumi,Hörprobe,Audition-Seite (Referenz-Renderer),,,Browser,MMM-Sounds-01-audition.html,cards.js (Karte 01),berechnet,nicht im Hub,_Sound Collection Asia/MMM-Japan/Patches/Web (MMM)/MMM-Sounds-01-audition.html
01 Drums + Tsuzumi,Kick,Kick (Glide + Rumble),KCK,Modern,Operator,MMM_KCK_Modern.adv,cards.js (Karte 01),berechnet,doppelt abgelegt,_Sound Collection Asia/MMM-Japan/Patches/Ableton/MMM_KCK_Modern.adv | _Sound Collection Drums/Patches/Ableton/MMM_KCK_Modern.adv
01 Drums + Tsuzumi,Kick,Kick (Glide + Rumble),KCK,Rumble,Operator,MMM_KCK_Rumble_OperatorOnly.adv,cards.js (Karte 01),berechnet,Rumble: eigene Spur unter dem Kick; doppelt abgelegt,_Sound Collection Asia/MMM-Japan/Patches/Ableton/MMM_KCK_Rumble_OperatorOnly.adv | _Sound Collection Drums/Patches/Ableton/MMM_KCK_Rumble_OperatorOnly.adv
01 Drums + Tsuzumi,Kick,Kick (Glide + Rumble),KCK,Slide,Operator,MMM_KCK_Slide.adv,cards.js (Karte 01),berechnet,doppelt abgelegt,_Sound Collection Asia/MMM-Japan/Patches/Ableton/MMM_KCK_Slide.adv | _Sound Collection Drums/Patches/Ableton/MMM_KCK_Slide.adv
01 Drums + Tsuzumi,Kick,Kick (Glide + Rumble),KCK,Tight,Operator,MMM_KCK_Tight.adv,cards.js (Karte 01),berechnet,doppelt abgelegt,_Sound Collection Asia/MMM-Japan/Patches/Ableton/MMM_KCK_Tight.adv | _Sound Collection Drums/Patches/Ableton/MMM_KCK_Tight.adv
01 Drums + Tsuzumi,Patch,Kick,KCK,KCK,Arturia MicroFreak,mf-MMM_KCK.json,cards.js (Karte 01),berechnet,Matrix-Beträge am Gerät von Hand; doppelt abgelegt,_Sound Collection Asia/MMM-Japan/Patches/MicroFreak/mf-MMM_KCK.json | _Sound Collection Drums/Patches/MicroFreak/mf-MMM_KCK.json
01 Drums + Tsuzumi,Patch,Kick,KCK,KCK_SLD,Arturia MicroFreak,mf-MMM_KCK_SLD.json,cards.js (Karte 01),berechnet,Matrix-Beträge am Gerät von Hand; doppelt abgelegt,_Sound Collection Asia/MMM-Japan/Patches/MicroFreak/mf-MMM_KCK_SLD.json | _Sound Collection Drums/Patches/MicroFreak/mf-MMM_KCK_SLD.json
01 Drums + Tsuzumi,Patch,Kick (Rumble),RUMBLE,RUMBLE,Arturia MicroFreak,mf-MMM_RUMBLE.json,cards.js (Karte 01),berechnet,Matrix-Beträge am Gerät von Hand; doppelt abgelegt,_Sound Collection Asia/MMM-Japan/Patches/MicroFreak/mf-MMM_RUMBLE.json | _Sound Collection Drums/Patches/MicroFreak/mf-MMM_RUMBLE.json
01 Drums + Tsuzumi,Patch,Ko-Tsuzumi,KOT,KOT_PON,Arturia MicroFreak,mf-MMM_KOT_PON.json,cards.js (Karte 01),berechnet,Matrix-Beträge am Gerät von Hand,_Sound Collection Asia/MMM-Japan/Patches/MicroFreak/mf-MMM_KOT_PON.json
01 Drums + Tsuzumi,Patch,Ō-Tsuzumi,OTS,OTS_CHON,Arturia MicroFreak,mf-MMM_OTS_CHON.json,cards.js (Karte 01),berechnet,Matrix-Beträge am Gerät von Hand,_Sound Collection Asia/MMM-Japan/Patches/MicroFreak/mf-MMM_OTS_CHON.json
01 Drums + Tsuzumi,Set,Live Set mit allen Operator-Spuren,,,Ableton Live,MMM-Sounds-01.als,cards.js (Karte 01),berechnet,"Live 12.3.2, aus Played_12.als",_Sound Collection Asia/MMM-Japan/Patches/Ableton/MMM-Sounds-01.als
01 Drums + Tsuzumi,Set,"Parts 1-4 (Kick, Rumble, KOT, OTS)",,,Korg Volca Drum,MMM-Sounds-01-parts1-4.mid,cards.js (Karte 01),berechnet,CC-Setup + Hörprobe; Wert->Modell ungeprüft; doppelt abgelegt,_Sound Collection Asia/MMM-Japan/Patches/Volca Drum/MMM-Sounds-01-parts1-4.mid | _Sound Collection Drums/Patches/Volca Drum/MMM-Sounds-01-parts1-4.mid
01 Drums + Tsuzumi,Snare,Snare,,Modern,Drum Synth,MMM_DS_Snare_Modern.adv,cards.js (Karte 01),berechnet,"Parameter-Mapping DS unbekannt, Startwerte; doppelt abgelegt",_Sound Collection Asia/MMM-Japan/Patches/Ableton/MMM_DS_Snare_Modern.adv | _Sound Collection Drums/Patches/Ableton/MMM_DS_Snare_Modern.adv
01 Drums + Tsuzumi,Trommeln,Ko-Tsuzumi,KOT,bend,Collision,MMM_KOT_bend_Collision.adv,cards.js (Karte 01),berechnet,String-Resonator,_Sound Collection Asia/MMM-Japan/Patches/Ableton/MMM_KOT_bend_Collision.adv
01 Drums + Tsuzumi,Trommeln,Ko-Tsuzumi,KOT,dry,Collision,MMM_KOT_dry_Collision.adv,cards.js (Karte 01),berechnet,String-Resonator,_Sound Collection Asia/MMM-Japan/Patches/Ableton/MMM_KOT_dry_Collision.adv
01 Drums + Tsuzumi,Trommeln,Ko-Tsuzumi,KOT,pon,Collision,MMM_KOT_pon_Collision.adv,cards.js (Karte 01),berechnet,String-Resonator,_Sound Collection Asia/MMM-Japan/Patches/Ableton/MMM_KOT_pon_Collision.adv
01 Drums + Tsuzumi,Trommeln,Ko-Tsuzumi,KOT,wet,Collision,MMM_KOT_wet_Collision.adv,cards.js (Karte 01),berechnet,String-Resonator,_Sound Collection Asia/MMM-Japan/Patches/Ableton/MMM_KOT_wet_Collision.adv
01 Drums + Tsuzumi,Trommeln,Ko-Tsuzumi,KOT,bend,Operator,MMM_KOT_bend.adv,cards.js (Karte 01),berechnet,,_Sound Collection Asia/MMM-Japan/Patches/Ableton/MMM_KOT_bend.adv
01 Drums + Tsuzumi,Trommeln,Ko-Tsuzumi,KOT,dry,Operator,MMM_KOT_dry.adv,cards.js (Karte 01),berechnet,,_Sound Collection Asia/MMM-Japan/Patches/Ableton/MMM_KOT_dry.adv
01 Drums + Tsuzumi,Trommeln,Ko-Tsuzumi,KOT,pon,Operator,MMM_KOT_pon.adv,cards.js (Karte 01),berechnet,,_Sound Collection Asia/MMM-Japan/Patches/Ableton/MMM_KOT_pon.adv
01 Drums + Tsuzumi,Trommeln,Ko-Tsuzumi,KOT,wet,Operator,MMM_KOT_wet.adv,cards.js (Karte 01),berechnet,,_Sound Collection Asia/MMM-Japan/Patches/Ableton/MMM_KOT_wet.adv
01 Drums + Tsuzumi,Trommeln,Ō-Tsuzumi,OTS,chon,Collision,MMM_OTS_chon_Collision.adv,cards.js (Karte 01),berechnet,Membrane-Resonator,_Sound Collection Asia/MMM-Japan/Patches/Ableton/MMM_OTS_chon_Collision.adv
01 Drums + Tsuzumi,Trommeln,Ō-Tsuzumi,OTS,kan,Collision,MMM_OTS_kan_Collision.adv,cards.js (Karte 01),berechnet,Membrane-Resonator,_Sound Collection Asia/MMM-Japan/Patches/Ableton/MMM_OTS_kan_Collision.adv
01 Drums + Tsuzumi,Trommeln,Ō-Tsuzumi,OTS,chon,Operator,MMM_OTS_chon.adv,cards.js (Karte 01),berechnet,,_Sound Collection Asia/MMM-Japan/Patches/Ableton/MMM_OTS_chon.adv
01 Drums + Tsuzumi,Trommeln,Ō-Tsuzumi,OTS,kan,Operator,MMM_OTS_kan.adv,cards.js (Karte 01),berechnet,,_Sound Collection Asia/MMM-Japan/Patches/Ableton/MMM_OTS_kan.adv
01 Drums + Tsuzumi,Voice,Kick,KCK,RUMBLE,M-VAVE FM-1,01-KCK_RUMBLE.syx,cards.js (Karte 01),berechnet,VCED 163 Byte; Raten/Pitch-EG geschätzt; doppelt abgelegt,_Sound Collection Asia/MMM-Japan/Patches/FM-1/01-KCK_RUMBLE.syx | _Sound Collection Drums/Patches/FM-1/01-KCK_RUMBLE.syx
01 Drums + Tsuzumi,Voice,Kick,KCK,TIGHT,M-VAVE FM-1,02-KCK_TIGHT.syx,cards.js (Karte 01),berechnet,VCED 163 Byte; Raten/Pitch-EG geschätzt; doppelt abgelegt,_Sound Collection Asia/MMM-Japan/Patches/FM-1/02-KCK_TIGHT.syx | _Sound Collection Drums/Patches/FM-1/02-KCK_TIGHT.syx
01 Drums + Tsuzumi,Voice,Kick,KCK,TAIL,M-VAVE FM-1,03-KCK_TAIL.syx,cards.js (Karte 01),berechnet,VCED 163 Byte; Raten/Pitch-EG geschätzt; doppelt abgelegt,_Sound Collection Asia/MMM-Japan/Patches/FM-1/03-KCK_TAIL.syx | _Sound Collection Drums/Patches/FM-1/03-KCK_TAIL.syx
01 Drums + Tsuzumi,Voice,Ko-Tsuzumi,KOT,PON,M-VAVE FM-1,04-KOT_PON.syx,cards.js (Karte 01),berechnet,VCED 163 Byte; Raten/Pitch-EG geschätzt,_Sound Collection Asia/MMM-Japan/Patches/FM-1/04-KOT_PON.syx
01 Drums + Tsuzumi,Voice,Ko-Tsuzumi,KOT,PU,M-VAVE FM-1,05-KOT_PU.syx,cards.js (Karte 01),berechnet,VCED 163 Byte; Raten/Pitch-EG geschätzt,_Sound Collection Asia/MMM-Japan/Patches/FM-1/05-KOT_PU.syx
01 Drums + Tsuzumi,Voice,Ko-Tsuzumi,KOT,TACHI,M-VAVE FM-1,06-KOT_TACHI.syx,cards.js (Karte 01),berechnet,VCED 163 Byte; Raten/Pitch-EG geschätzt,_Sound Collection Asia/MMM-Japan/Patches/FM-1/06-KOT_TACHI.syx
01 Drums + Tsuzumi,Voice,Ko-Tsuzumi,KOT,P DRY,M-VAVE FM-1,07-KOT_P_DRY.syx,cards.js (Karte 01),berechnet,VCED 163 Byte; Raten/Pitch-EG geschätzt,_Sound Collection Asia/MMM-Japan/Patches/FM-1/07-KOT_P_DRY.syx
01 Drums + Tsuzumi,Voice,Ko-Tsuzumi,KOT,P WET,M-VAVE FM-1,08-KOT_P_WET.syx,cards.js (Karte 01),berechnet,VCED 163 Byte; Raten/Pitch-EG geschätzt,_Sound Collection Asia/MMM-Japan/Patches/FM-1/08-KOT_P_WET.syx
01 Drums + Tsuzumi,Voice,Ko-Tsuzumi,KOT,P BEND,M-VAVE FM-1,09-KOT_P_BEND.syx,cards.js (Karte 01),berechnet,VCED 163 Byte; Raten/Pitch-EG geschätzt,_Sound Collection Asia/MMM-Japan/Patches/FM-1/09-KOT_P_BEND.syx
01 Drums + Tsuzumi,Voice,Ō-Tsuzumi,OTS,CHON,M-VAVE FM-1,10-OTS_CHON.syx,cards.js (Karte 01),berechnet,VCED 163 Byte; Raten/Pitch-EG geschätzt,_Sound Collection Asia/MMM-Japan/Patches/FM-1/10-OTS_CHON.syx
01 Drums + Tsuzumi,Voice,Ō-Tsuzumi,OTS,KAN,M-VAVE FM-1,11-OTS_KAN.syx,cards.js (Karte 01),berechnet,VCED 163 Byte; Raten/Pitch-EG geschätzt,_Sound Collection Asia/MMM-Japan/Patches/FM-1/11-OTS_KAN.syx
02 Saiten (pausiert),Audio,Koto,KOTO,awase,WAV (Referenz),koto_awase.wav,strings.js (Karte 02),pausiert,"Referenz-Renderer, keine Hörprobe am Gerät",_Sound Collection Asia/MMM-Japan/Audio-Referenz/koto_awase.wav
02 Saiten (pausiert),Audio,Koto,KOTO,hanashi,WAV (Referenz),koto_hanashi.wav,strings.js (Karte 02),pausiert,"Referenz-Renderer, keine Hörprobe am Gerät",_Sound Collection Asia/MMM-Japan/Audio-Referenz/koto_hanashi.wav
02 Saiten (pausiert),Audio,Koto,KOTO,oshi,WAV (Referenz),koto_oshi.wav,strings.js (Karte 02),pausiert,"Referenz-Renderer, keine Hörprobe am Gerät",_Sound Collection Asia/MMM-Japan/Audio-Referenz/koto_oshi.wav
02 Saiten (pausiert),Audio,Koto,KOTO,tsume,WAV (Referenz),koto_tsume.wav,strings.js (Karte 02),pausiert,"Referenz-Renderer, keine Hörprobe am Gerät",_Sound Collection Asia/MMM-Japan/Audio-Referenz/koto_tsume.wav
02 Saiten (pausiert),Audio,Koto,KOTO,yuri,WAV (Referenz),koto_yuri.wav,strings.js (Karte 02),pausiert,"Referenz-Renderer, keine Hörprobe am Gerät",_Sound Collection Asia/MMM-Japan/Audio-Referenz/koto_yuri.wav
02 Saiten (pausiert),Audio,Shamisen,SHM,hajiki,WAV (Referenz),shami_hajiki.wav,strings.js (Karte 02),pausiert,"Referenz-Renderer, keine Hörprobe am Gerät",_Sound Collection Asia/MMM-Japan/Audio-Referenz/shami_hajiki.wav
02 Saiten (pausiert),Audio,Shamisen,SHM,sukui,WAV (Referenz),shami_sukui.wav,strings.js (Karte 02),pausiert,"Referenz-Renderer, keine Hörprobe am Gerät",_Sound Collection Asia/MMM-Japan/Audio-Referenz/shami_sukui.wav
02 Saiten (pausiert),Audio,Shamisen,SHM,suri,WAV (Referenz),shami_suri.wav,strings.js (Karte 02),pausiert,"Referenz-Renderer, keine Hörprobe am Gerät",_Sound Collection Asia/MMM-Japan/Audio-Referenz/shami_suri.wav
02 Saiten (pausiert),Audio,Shamisen,SHM,uchi,WAV (Referenz),shami_uchi.wav,strings.js (Karte 02),pausiert,"Referenz-Renderer, keine Hörprobe am Gerät",_Sound Collection Asia/MMM-Japan/Audio-Referenz/shami_uchi.wav
02 Saiten (pausiert),Bank,Bank (32 Voices),,,M-VAVE FM-1,MMM-Sounds-02-bank.syx,strings.js (Karte 02),pausiert,"DX7-32-Voice-SysEx, 4104 Byte",_Sound Collection Asia/MMM-Japan/Patches/FM-1/MMM-Sounds-02-bank.syx
02 Saiten (pausiert),Hörprobe,Audition-Seite (Referenz-Renderer),,,Browser,MMM-Sounds-02-audition.html,strings.js (Karte 02),pausiert,nicht im Hub,_Sound Collection Asia/MMM-Japan/Patches/Web (MMM)/MMM-Sounds-02-audition.html
02 Saiten (pausiert),Patch,Koto,KOTO,KOTO_OSHI,Arturia MicroFreak,mf-MMM_KOTO_OSHI.json,strings.js (Karte 02),pausiert,Matrix-Beträge am Gerät von Hand,_Sound Collection Asia/MMM-Japan/Patches/MicroFreak/mf-MMM_KOTO_OSHI.json
02 Saiten (pausiert),Patch,Koto,KOTO,KOTO_TSUME,Arturia MicroFreak,mf-MMM_KOTO_TSUME.json,strings.js (Karte 02),pausiert,Matrix-Beträge am Gerät von Hand,_Sound Collection Asia/MMM-Japan/Patches/MicroFreak/mf-MMM_KOTO_TSUME.json
02 Saiten (pausiert),Patch,Koto,KOTO,KOTO_YURI,Arturia MicroFreak,mf-MMM_KOTO_YURI.json,strings.js (Karte 02),pausiert,Matrix-Beträge am Gerät von Hand,_Sound Collection Asia/MMM-Japan/Patches/MicroFreak/mf-MMM_KOTO_YURI.json
02 Saiten (pausiert),Patch,Shamisen,SHAMI,SHAMI_SAWARI,Arturia MicroFreak,mf-MMM_SHAMI_SAWARI.json,strings.js (Karte 02),pausiert,Matrix-Beträge am Gerät von Hand,_Sound Collection Asia/MMM-Japan/Patches/MicroFreak/mf-MMM_SHAMI_SAWARI.json
02 Saiten (pausiert),Patch,Shamisen,SHAMI,SHAMI_UCHI,Arturia MicroFreak,mf-MMM_SHAMI_UCHI.json,strings.js (Karte 02),pausiert,Matrix-Beträge am Gerät von Hand,_Sound Collection Asia/MMM-Japan/Patches/MicroFreak/mf-MMM_SHAMI_UCHI.json
02 Saiten (pausiert),Saite,Koto,KOTO,Oshide,Tension,MMM_KOTO_Oshide.adv,strings.js (Karte 02),pausiert,,_Sound Collection Asia/MMM-Japan/Patches/Ableton/MMM_KOTO_Oshide.adv
02 Saiten (pausiert),Saite,Koto,KOTO,Tsume,Tension,MMM_KOTO_Tsume.adv,strings.js (Karte 02),pausiert,,_Sound Collection Asia/MMM-Japan/Patches/Ableton/MMM_KOTO_Tsume.adv
02 Saiten (pausiert),Saite,Koto,KOTO,Tsume_Far,Tension,MMM_KOTO_Tsume_Far.adv,strings.js (Karte 02),pausiert,,_Sound Collection Asia/MMM-Japan/Patches/Ableton/MMM_KOTO_Tsume_Far.adv
02 Saiten (pausiert),Saite,Koto,KOTO,Yuri,Tension,MMM_KOTO_Yuri.adv,strings.js (Karte 02),pausiert,,_Sound Collection Asia/MMM-Japan/Patches/Ableton/MMM_KOTO_Yuri.adv
02 Saiten (pausiert),Saite,Shamisen,SHM,Bachi,Tension,MMM_SHAMISEN_Bachi.adv,strings.js (Karte 02),pausiert,,_Sound Collection Asia/MMM-Japan/Patches/Ableton/MMM_SHAMISEN_Bachi.adv
02 Saiten (pausiert),Saite,Shamisen,SHM,Sawari,Tension,MMM_SHAMISEN_Sawari.adv,strings.js (Karte 02),pausiert,,_Sound Collection Asia/MMM-Japan/Patches/Ableton/MMM_SHAMISEN_Sawari.adv
02 Saiten (pausiert),Saite,Shamisen,SHM,Sukui,Tension,MMM_SHAMISEN_Sukui.adv,strings.js (Karte 02),pausiert,,_Sound Collection Asia/MMM-Japan/Patches/Ableton/MMM_SHAMISEN_Sukui.adv
02 Saiten (pausiert),Set,"Parts 1-4 (Koto, Shamisen)",,,Korg Volca Drum,MMM-Sounds-02-strings-parts1-4.mid,strings.js (Karte 02),pausiert,CC-Setup + Hörprobe; Wert->Modell ungeprüft,_Sound Collection Asia/MMM-Japan/Patches/Volca Drum/MMM-Sounds-02-strings-parts1-4.mid
02 Saiten (pausiert),Voice,Koto,KOTO,TSUME,M-VAVE FM-1,01-KOTO_TSUME.syx,strings.js (Karte 02),pausiert,VCED 163 Byte; Raten/Pitch-EG geschätzt,_Sound Collection Asia/MMM-Japan/Patches/FM-1/01-KOTO_TSUME.syx
02 Saiten (pausiert),Voice,Koto,KOTO,OSHI,M-VAVE FM-1,02-KOTO_OSHI.syx,strings.js (Karte 02),pausiert,VCED 163 Byte; Raten/Pitch-EG geschätzt,_Sound Collection Asia/MMM-Japan/Patches/FM-1/02-KOTO_OSHI.syx
02 Saiten (pausiert),Voice,Koto,KOTO,YURI,M-VAVE FM-1,03-KOTO_YURI.syx,strings.js (Karte 02),pausiert,VCED 163 Byte; Raten/Pitch-EG geschätzt,_Sound Collection Asia/MMM-Japan/Patches/FM-1/03-KOTO_YURI.syx
02 Saiten (pausiert),Voice,Shamisen,SHM,UCHI,M-VAVE FM-1,04-SHM_UCHI.syx,strings.js (Karte 02),pausiert,VCED 163 Byte; Raten/Pitch-EG geschätzt,_Sound Collection Asia/MMM-Japan/Patches/FM-1/04-SHM_UCHI.syx
02 Saiten (pausiert),Voice,Shamisen,SHM,SAWARI,M-VAVE FM-1,05-SHM_SAWARI.syx,strings.js (Karte 02),pausiert,VCED 163 Byte; Raten/Pitch-EG geschätzt,_Sound Collection Asia/MMM-Japan/Patches/FM-1/05-SHM_SAWARI.syx
02 Saiten (pausiert),Voice,Shamisen,SHM,SUKUI,M-VAVE FM-1,06-SHM_SUKUI.syx,strings.js (Karte 02),pausiert,VCED 163 Byte; Raten/Pitch-EG geschätzt,_Sound Collection Asia/MMM-Japan/Patches/FM-1/06-SHM_SUKUI.syx
03 Gamelan,Balungan,Demung,DMG,,Collision,MMM_DMG_Default_Collision.adv,gmln.4 v2.0,berechnet,,_Sound Collection Asia/MMM-Gamelan/Collision/MMM_DMG_Default_Collision.adv
03 Gamelan,Balungan,Demung,DMG,,Operator,MMM_DMG_Default.adv,gmln.4 v2.0,berechnet,,_Sound Collection Asia/MMM-Gamelan/Operator/MMM_DMG_Default.adv
03 Gamelan,Balungan,Jegogan,JGG,,Collision,MMM_JGG_Default_Collision.adv,gmln.4 v2.0,berechnet,,_Sound Collection Asia/MMM-Gamelan/Collision/MMM_JGG_Default_Collision.adv
03 Gamelan,Balungan,Jegogan,JGG,,Operator,MMM_JGG_Default.adv,gmln.4 v2.0,berechnet,,_Sound Collection Asia/MMM-Gamelan/Operator/MMM_JGG_Default.adv
03 Gamelan,Balungan,Jublag,JBL,,Collision,MMM_JBL_Default_Collision.adv,gmln.4 v2.0,berechnet,,_Sound Collection Asia/MMM-Gamelan/Collision/MMM_JBL_Default_Collision.adv
03 Gamelan,Balungan,Jublag,JBL,,Operator,MMM_JBL_Default.adv,gmln.4 v2.0,berechnet,,_Sound Collection Asia/MMM-Gamelan/Operator/MMM_JBL_Default.adv
03 Gamelan,Balungan,Peking,PKG,,Collision,MMM_PKG_Default_Collision.adv,gmln.4 v2.0,berechnet,,_Sound Collection Asia/MMM-Gamelan/Collision/MMM_PKG_Default_Collision.adv
03 Gamelan,Balungan,Peking,PKG,,Operator,MMM_PKG_Default.adv,gmln.4 v2.0,berechnet,,_Sound Collection Asia/MMM-Gamelan/Operator/MMM_PKG_Default.adv
03 Gamelan,Balungan,Saron Barung,SRN,,Collision,MMM_SRN_Default_Collision.adv,gmln.4 v2.0,berechnet,,_Sound Collection Asia/MMM-Gamelan/Collision/MMM_SRN_Default_Collision.adv
03 Gamelan,Balungan,Saron Barung,SRN,,Operator,MMM_SRN_Default.adv,gmln.4 v2.0,berechnet,,_Sound Collection Asia/MMM-Gamelan/Operator/MMM_SRN_Default.adv
03 Gamelan,Balungan,Slenthem,SLN,,Collision,MMM_SLN_Default_Collision.adv,gmln.4 v2.0,berechnet,,_Sound Collection Asia/MMM-Gamelan/Collision/MMM_SLN_Default_Collision.adv
03 Gamelan,Balungan,Slenthem,SLN,,Operator,MMM_SLN_Default.adv,gmln.4 v2.0,berechnet,,_Sound Collection Asia/MMM-Gamelan/Operator/MMM_SLN_Default.adv
03 Gamelan,Colotomy,Gong Ageng,GNG,,Collision,MMM_GNG_Default_Collision.adv,gmln.4 v2.0,berechnet,,_Sound Collection Asia/MMM-Gamelan/Collision/MMM_GNG_Default_Collision.adv
03 Gamelan,Colotomy,Gong Ageng,GNG,,Operator,MMM_GNG_Default.adv,gmln.4 v2.0,berechnet,,_Sound Collection Asia/MMM-Gamelan/Operator/MMM_GNG_Default.adv
03 Gamelan,Colotomy,Jengglong,JNG,,Collision,MMM_JNG_Default_Collision.adv,gmln.4 v2.0,berechnet,,_Sound Collection Asia/MMM-Gamelan/Collision/MMM_JNG_Default_Collision.adv
03 Gamelan,Colotomy,Jengglong,JNG,,Operator,MMM_JNG_Default.adv,gmln.4 v2.0,berechnet,,_Sound Collection Asia/MMM-Gamelan/Operator/MMM_JNG_Default.adv
03 Gamelan,Colotomy,Kajar,KJR,,Collision,MMM_KJR_Default_Collision.adv,gmln.4 v2.0,berechnet,feste Note 70,_Sound Collection Asia/MMM-Gamelan/Collision/MMM_KJR_Default_Collision.adv
03 Gamelan,Colotomy,Kajar,KJR,,Operator,MMM_KJR_Default.adv,gmln.4 v2.0,berechnet,feste Note 70,_Sound Collection Asia/MMM-Gamelan/Operator/MMM_KJR_Default.adv
03 Gamelan,Colotomy,Kemong,KMG,,Collision,MMM_KMG_Default_Collision.adv,gmln.4 v2.0,berechnet,,_Sound Collection Asia/MMM-Gamelan/Collision/MMM_KMG_Default_Collision.adv
03 Gamelan,Colotomy,Kemong,KMG,,Operator,MMM_KMG_Default.adv,gmln.4 v2.0,berechnet,,_Sound Collection Asia/MMM-Gamelan/Operator/MMM_KMG_Default.adv
03 Gamelan,Colotomy,Kempul,KMP,,Collision,MMM_KMP_Default_Collision.adv,gmln.4 v2.0,berechnet,,_Sound Collection Asia/MMM-Gamelan/Collision/MMM_KMP_Default_Collision.adv
03 Gamelan,Colotomy,Kempul,KMP,,Operator,MMM_KMP_Default.adv,gmln.4 v2.0,berechnet,,_Sound Collection Asia/MMM-Gamelan/Operator/MMM_KMP_Default.adv
03 Gamelan,Colotomy,Kempur,KPR,,Collision,MMM_KPR_Default_Collision.adv,gmln.4 v2.0,berechnet,,_Sound Collection Asia/MMM-Gamelan/Collision/MMM_KPR_Default_Collision.adv
03 Gamelan,Colotomy,Kempur,KPR,,Operator,MMM_KPR_Default.adv,gmln.4 v2.0,berechnet,,_Sound Collection Asia/MMM-Gamelan/Operator/MMM_KPR_Default.adv
03 Gamelan,Colotomy,Kempyang,KPY,,Collision,MMM_KPY_Default_Collision.adv,gmln.4 v2.0,berechnet,feste Note 76,_Sound Collection Asia/MMM-Gamelan/Collision/MMM_KPY_Default_Collision.adv
03 Gamelan,Colotomy,Kempyang,KPY,,Operator,MMM_KPY_Default.adv,gmln.4 v2.0,berechnet,feste Note 76,_Sound Collection Asia/MMM-Gamelan/Operator/MMM_KPY_Default.adv
03 Gamelan,Colotomy,Kenong,KNG,,Collision,MMM_KNG_Default_Collision.adv,gmln.4 v2.0,berechnet,,_Sound Collection Asia/MMM-Gamelan/Collision/MMM_KNG_Default_Collision.adv
03 Gamelan,Colotomy,Kenong,KNG,,Operator,MMM_KNG_Default.adv,gmln.4 v2.0,berechnet,,_Sound Collection Asia/MMM-Gamelan/Operator/MMM_KNG_Default.adv
03 Gamelan,Colotomy,Kethuk,KTK,,Collision,MMM_KTK_Default_Collision.adv,gmln.4 v2.0,berechnet,feste Note 64,_Sound Collection Asia/MMM-Gamelan/Collision/MMM_KTK_Default_Collision.adv
03 Gamelan,Colotomy,Kethuk,KTK,,Operator,MMM_KTK_Default.adv,gmln.4 v2.0,berechnet,feste Note 64,_Sound Collection Asia/MMM-Gamelan/Operator/MMM_KTK_Default.adv
03 Gamelan,Drums,Ceng-ceng,CNG,ceng,Collision,MMM_CNG_ceng_Collision.adv,gmln.4 v2.0,berechnet,"Drum Rack, gebaut für C3; Pad-Note 88",_Sound Collection Asia/MMM-Gamelan/Collision/MMM_CNG_ceng_Collision.adv
03 Gamelan,Drums,Ceng-ceng,CNG,cheng,Collision,MMM_CNG_cheng_Collision.adv,gmln.4 v2.0,berechnet,"Drum Rack, gebaut für C3; Pad-Note 89",_Sound Collection Asia/MMM-Gamelan/Collision/MMM_CNG_cheng_Collision.adv
03 Gamelan,Drums,Ceng-ceng,CNG,ceng,Operator,MMM_CNG_ceng.adv,gmln.4 v2.0,berechnet,"Drum Rack, gebaut für C3; Pad-Note 88",_Sound Collection Asia/MMM-Gamelan/Operator/MMM_CNG_ceng.adv
03 Gamelan,Drums,Ceng-ceng,CNG,cheng,Operator,MMM_CNG_cheng.adv,gmln.4 v2.0,berechnet,"Drum Rack, gebaut für C3; Pad-Note 89",_Sound Collection Asia/MMM-Gamelan/Operator/MMM_CNG_cheng.adv
03 Gamelan,Drums,Kendang Lanang,KBL,tak,Collision,MMM_KBL_tak_Collision.adv,gmln.4 v2.0,berechnet,"Drum Rack, gebaut für C3; Pad-Note 54",_Sound Collection Asia/MMM-Gamelan/Collision/MMM_KBL_tak_Collision.adv
03 Gamelan,Drums,Kendang Lanang,KBL,tut,Collision,MMM_KBL_tut_Collision.adv,gmln.4 v2.0,berechnet,"Drum Rack, gebaut für C3; Pad-Note 58",_Sound Collection Asia/MMM-Gamelan/Collision/MMM_KBL_tut_Collision.adv
03 Gamelan,Drums,Kendang Lanang,KBL,tak,Operator,MMM_KBL_tak.adv,gmln.4 v2.0,berechnet,"Drum Rack, gebaut für C3; Pad-Note 54",_Sound Collection Asia/MMM-Gamelan/Operator/MMM_KBL_tak.adv
03 Gamelan,Drums,Kendang Lanang,KBL,tut,Operator,MMM_KBL_tut.adv,gmln.4 v2.0,berechnet,"Drum Rack, gebaut für C3; Pad-Note 58",_Sound Collection Asia/MMM-Gamelan/Operator/MMM_KBL_tut.adv
03 Gamelan,Drums,Kendang Wadon,KBW,dag,Collision,MMM_KBW_dag_Collision.adv,gmln.4 v2.0,berechnet,"Drum Rack, gebaut für C3; Pad-Note 49",_Sound Collection Asia/MMM-Gamelan/Collision/MMM_KBW_dag_Collision.adv
03 Gamelan,Drums,Kendang Wadon,KBW,pung,Collision,MMM_KBW_pung_Collision.adv,gmln.4 v2.0,berechnet,"Drum Rack, gebaut für C3; Pad-Note 51",_Sound Collection Asia/MMM-Gamelan/Collision/MMM_KBW_pung_Collision.adv
03 Gamelan,Drums,Kendang Wadon,KBW,dag,Operator,MMM_KBW_dag.adv,gmln.4 v2.0,berechnet,"Drum Rack, gebaut für C3; Pad-Note 49",_Sound Collection Asia/MMM-Gamelan/Operator/MMM_KBW_dag.adv
03 Gamelan,Drums,Kendang Wadon,KBW,pung,Operator,MMM_KBW_pung.adv,gmln.4 v2.0,berechnet,"Drum Rack, gebaut für C3; Pad-Note 51",_Sound Collection Asia/MMM-Gamelan/Operator/MMM_KBW_pung.adv
03 Gamelan,Drums,Kendhang Ageng,KDA,dang,Collision,MMM_KDA_dang_Collision.adv,gmln.4 v2.0,berechnet,"Drum Rack, gebaut für C3; Pad-Note 36",_Sound Collection Asia/MMM-Gamelan/Collision/MMM_KDA_dang_Collision.adv
03 Gamelan,Drums,Kendhang Ageng,KDA,dhe,Collision,MMM_KDA_dhe_Collision.adv,gmln.4 v2.0,berechnet,"Drum Rack, gebaut für C3; Pad-Note 37",_Sound Collection Asia/MMM-Gamelan/Collision/MMM_KDA_dhe_Collision.adv
03 Gamelan,Drums,Kendhang Ageng,KDA,dang,Operator,MMM_KDA_dang.adv,gmln.4 v2.0,berechnet,"Drum Rack, gebaut für C3; Pad-Note 36",_Sound Collection Asia/MMM-Gamelan/Operator/MMM_KDA_dang.adv
03 Gamelan,Drums,Kendhang Ageng,KDA,dhe,Operator,MMM_KDA_dhe.adv,gmln.4 v2.0,berechnet,"Drum Rack, gebaut für C3; Pad-Note 37",_Sound Collection Asia/MMM-Gamelan/Operator/MMM_KDA_dhe.adv
03 Gamelan,Drums,Kendhang Ciblon,KDC,dang,Collision,MMM_KDC_dang_Collision.adv,gmln.4 v2.0,berechnet,"Drum Rack, gebaut für C3; Pad-Note 40",_Sound Collection Asia/MMM-Gamelan/Collision/MMM_KDC_dang_Collision.adv
03 Gamelan,Drums,Kendhang Ciblon,KDC,dhe,Collision,MMM_KDC_dhe_Collision.adv,gmln.4 v2.0,berechnet,"Drum Rack, gebaut für C3; Pad-Note 41",_Sound Collection Asia/MMM-Gamelan/Collision/MMM_KDC_dhe_Collision.adv
03 Gamelan,Drums,Kendhang Ciblon,KDC,plak,Collision,MMM_KDC_plak_Collision.adv,gmln.4 v2.0,berechnet,"Drum Rack, gebaut für C3; Pad-Note 44",_Sound Collection Asia/MMM-Gamelan/Collision/MMM_KDC_plak_Collision.adv
03 Gamelan,Drums,Kendhang Ciblon,KDC,tak,Collision,MMM_KDC_tak_Collision.adv,gmln.4 v2.0,berechnet,"Drum Rack, gebaut für C3; Pad-Note 42",_Sound Collection Asia/MMM-Gamelan/Collision/MMM_KDC_tak_Collision.adv
03 Gamelan,Drums,Kendhang Ciblon,KDC,tung,Collision,MMM_KDC_tung_Collision.adv,gmln.4 v2.0,berechnet,"Drum Rack, gebaut für C3; Pad-Note 43",_Sound Collection Asia/MMM-Gamelan/Collision/MMM_KDC_tung_Collision.adv
03 Gamelan,Drums,Kendhang Ciblon,KDC,dang,Operator,MMM_KDC_dang.adv,gmln.4 v2.0,berechnet,"Drum Rack, gebaut für C3; Pad-Note 40",_Sound Collection Asia/MMM-Gamelan/Operator/MMM_KDC_dang.adv
03 Gamelan,Drums,Kendhang Ciblon,KDC,dhe,Operator,MMM_KDC_dhe.adv,gmln.4 v2.0,berechnet,"Drum Rack, gebaut für C3; Pad-Note 41",_Sound Collection Asia/MMM-Gamelan/Operator/MMM_KDC_dhe.adv
03 Gamelan,Drums,Kendhang Ciblon,KDC,plak,Operator,MMM_KDC_plak.adv,gmln.4 v2.0,berechnet,"Drum Rack, gebaut für C3; Pad-Note 44",_Sound Collection Asia/MMM-Gamelan/Operator/MMM_KDC_plak.adv
03 Gamelan,Drums,Kendhang Ciblon,KDC,tak,Operator,MMM_KDC_tak.adv,gmln.4 v2.0,berechnet,"Drum Rack, gebaut für C3; Pad-Note 42",_Sound Collection Asia/MMM-Gamelan/Operator/MMM_KDC_tak.adv
03 Gamelan,Drums,Kendhang Ciblon,KDC,tung,Operator,MMM_KDC_tung.adv,gmln.4 v2.0,berechnet,"Drum Rack, gebaut für C3; Pad-Note 43",_Sound Collection Asia/MMM-Gamelan/Operator/MMM_KDC_tung.adv
03 Gamelan,Drums,Ketipung,KDK,tak,Collision,MMM_KDK_tak_Collision.adv,gmln.4 v2.0,berechnet,"Drum Rack, gebaut für C3; Pad-Note 50",_Sound Collection Asia/MMM-Gamelan/Collision/MMM_KDK_tak_Collision.adv
03 Gamelan,Drums,Ketipung,KDK,tung,Collision,MMM_KDK_tung_Collision.adv,gmln.4 v2.0,berechnet,"Drum Rack, gebaut für C3; Pad-Note 51",_Sound Collection Asia/MMM-Gamelan/Collision/MMM_KDK_tung_Collision.adv
03 Gamelan,Drums,Ketipung,KDK,tak,Operator,MMM_KDK_tak.adv,gmln.4 v2.0,berechnet,"Drum Rack, gebaut für C3; Pad-Note 50",_Sound Collection Asia/MMM-Gamelan/Operator/MMM_KDK_tak.adv
03 Gamelan,Drums,Ketipung,KDK,tung,Operator,MMM_KDK_tung.adv,gmln.4 v2.0,berechnet,"Drum Rack, gebaut für C3; Pad-Note 51",_Sound Collection Asia/MMM-Gamelan/Operator/MMM_KDK_tung.adv
03 Gamelan,Elaboration,Bonang Barung,BNB,,Collision,MMM_BNB_Default_Collision.adv,gmln.4 v2.0,berechnet,,_Sound Collection Asia/MMM-Gamelan/Collision/MMM_BNB_Default_Collision.adv
03 Gamelan,Elaboration,Bonang Barung,BNB,,Operator,MMM_BNB_Default.adv,gmln.4 v2.0,berechnet,,_Sound Collection Asia/MMM-Gamelan/Operator/MMM_BNB_Default.adv
03 Gamelan,Elaboration,Bonang Panerus,BNP,,Collision,MMM_BNP_Default_Collision.adv,gmln.4 v2.0,berechnet,,_Sound Collection Asia/MMM-Gamelan/Collision/MMM_BNP_Default_Collision.adv
03 Gamelan,Elaboration,Bonang Panerus,BNP,,Operator,MMM_BNP_Default.adv,gmln.4 v2.0,berechnet,,_Sound Collection Asia/MMM-Gamelan/Operator/MMM_BNP_Default.adv
03 Gamelan,Elaboration,Gambang,GAM,,Collision,MMM_GAM_Default_Collision.adv,gmln.4 v2.0,berechnet,,_Sound Collection Asia/MMM-Gamelan/Collision/MMM_GAM_Default_Collision.adv
03 Gamelan,Elaboration,Gambang,GAM,,Operator,MMM_GAM_Default.adv,gmln.4 v2.0,berechnet,,_Sound Collection Asia/MMM-Gamelan/Operator/MMM_GAM_Default.adv
03 Gamelan,Kotekan polos,Gender Polos,GDP,Polos,Collision,MMM_GDP_Polos_Collision.adv,gmln.4 v2.0,berechnet,,_Sound Collection Asia/MMM-Gamelan/Collision/MMM_GDP_Polos_Collision.adv
03 Gamelan,Kotekan polos,Gender Polos,GDP,Polos,Operator,MMM_GDP_Polos.adv,gmln.4 v2.0,berechnet,,_Sound Collection Asia/MMM-Gamelan/Operator/MMM_GDP_Polos.adv
03 Gamelan,Kotekan polos,Kantilan Polos,KNP,Polos,Collision,MMM_KNP_Polos_Collision.adv,gmln.4 v2.0,berechnet,,_Sound Collection Asia/MMM-Gamelan/Collision/MMM_KNP_Polos_Collision.adv
03 Gamelan,Kotekan polos,Kantilan Polos,KNP,Polos,Operator,MMM_KNP_Polos.adv,gmln.4 v2.0,berechnet,,_Sound Collection Asia/MMM-Gamelan/Operator/MMM_KNP_Polos.adv
03 Gamelan,Kotekan polos,Pemade Polos,PMP,Polos,Collision,MMM_PMP_Polos_Collision.adv,gmln.4 v2.0,berechnet,,_Sound Collection Asia/MMM-Gamelan/Collision/MMM_PMP_Polos_Collision.adv
03 Gamelan,Kotekan polos,Pemade Polos,PMP,Polos,Operator,MMM_PMP_Polos.adv,gmln.4 v2.0,berechnet,,_Sound Collection Asia/MMM-Gamelan/Operator/MMM_PMP_Polos.adv
03 Gamelan,Kotekan polos,Reyong Polos,RYP,Polos,Collision,MMM_RYP_Polos_Collision.adv,gmln.4 v2.0,berechnet,,_Sound Collection Asia/MMM-Gamelan/Collision/MMM_RYP_Polos_Collision.adv
03 Gamelan,Kotekan polos,Reyong Polos,RYP,Polos,Operator,MMM_RYP_Polos.adv,gmln.4 v2.0,berechnet,,_Sound Collection Asia/MMM-Gamelan/Operator/MMM_RYP_Polos.adv
03 Gamelan,Kotekan sangsih,Gender Sangsih,GDS,Sangsih,Collision,MMM_GDS_Sangsih_Collision.adv,gmln.4 v2.0,berechnet,,_Sound Collection Asia/MMM-Gamelan/Collision/MMM_GDS_Sangsih_Collision.adv
03 Gamelan,Kotekan sangsih,Gender Sangsih,GDS,Sangsih,Operator,MMM_GDS_Sangsih.adv,gmln.4 v2.0,berechnet,,_Sound Collection Asia/MMM-Gamelan/Operator/MMM_GDS_Sangsih.adv
03 Gamelan,Kotekan sangsih,Kantilan Sangsih,KNS,Sangsih,Collision,MMM_KNS_Sangsih_Collision.adv,gmln.4 v2.0,berechnet,,_Sound Collection Asia/MMM-Gamelan/Collision/MMM_KNS_Sangsih_Collision.adv
03 Gamelan,Kotekan sangsih,Kantilan Sangsih,KNS,Sangsih,Operator,MMM_KNS_Sangsih.adv,gmln.4 v2.0,berechnet,,_Sound Collection Asia/MMM-Gamelan/Operator/MMM_KNS_Sangsih.adv
03 Gamelan,Kotekan sangsih,Pemade Sangsih,PMS,Sangsih,Collision,MMM_PMS_Sangsih_Collision.adv,gmln.4 v2.0,berechnet,,_Sound Collection Asia/MMM-Gamelan/Collision/MMM_PMS_Sangsih_Collision.adv
03 Gamelan,Kotekan sangsih,Pemade Sangsih,PMS,Sangsih,Operator,MMM_PMS_Sangsih.adv,gmln.4 v2.0,berechnet,,_Sound Collection Asia/MMM-Gamelan/Operator/MMM_PMS_Sangsih.adv
03 Gamelan,Kotekan sangsih,Reyong Sangsih,RYS,Sangsih,Collision,MMM_RYS_Sangsih_Collision.adv,gmln.4 v2.0,berechnet,,_Sound Collection Asia/MMM-Gamelan/Collision/MMM_RYS_Sangsih_Collision.adv
03 Gamelan,Kotekan sangsih,Reyong Sangsih,RYS,Sangsih,Operator,MMM_RYS_Sangsih.adv,gmln.4 v2.0,berechnet,,_Sound Collection Asia/MMM-Gamelan/Operator/MMM_RYS_Sangsih.adv
03 Gamelan,Melody,Rebab,RBB,Rebab,Collision,MMM_RBB_Rebab_Collision.adv,gmln.4 v2.0,berechnet,,_Sound Collection Asia/MMM-Gamelan/Collision/MMM_RBB_Rebab_Collision.adv
03 Gamelan,Melody,Rebab,RBB,Rebab,Operator,MMM_RBB_Rebab_Operator.adv,gmln.4 v2.0,berechnet,,_Sound Collection Asia/MMM-Gamelan/Operator/MMM_RBB_Rebab_Operator.adv
03 Gamelan,Melody,Rebab,RBB,Rebab,Tension,MMM_RBB_Rebab_Tension.adv,gmln.4 v2.0,berechnet,,_Sound Collection Asia/MMM-Gamelan/Operator/MMM_RBB_Rebab_Tension.adv
03 Gamelan,Melody,Suling,SUL,Suling,Collision,MMM_SUL_Suling_Collision.adv,gmln.4 v2.0,berechnet,,_Sound Collection Asia/MMM-Gamelan/Collision/MMM_SUL_Suling_Collision.adv
03 Gamelan,Melody,Suling,SUL,Suling,Operator,MMM_SUL_Suling.adv,gmln.4 v2.0,berechnet,,_Sound Collection Asia/MMM-Gamelan/Operator/MMM_SUL_Suling.adv
